key,key:userAccount,employeeCode,spokenLanguages,moment,briefBio,salary,picture,key:airline
#base-entity,,,,,,,,
assistanceAgent-01,user-account-assistanceAgent-01,FJ000000,Lorem ipsum dolor sit ame,2012/07/02 0:00,Lorem ipsum dolor sit amet. consectetur adipiscing elit. Sed do: eiusmod tempor incididunt ut labore et dolore magna aliqua! Ut*,500000.00 EUR,http://lorem.com/ipsum,airline-01
#employeeCode,,,,,,,,
assistanceAgent-02,user-account-assistanceAgent-01,FJ000001,Lorem ipsum dolor sit ame,2012/07/02 0:00,Lorem ipsum dolor sit amet. consectetur adipiscing elit. Sed do: eiusmod tempor incididunt ut labore et dolore magna aliqua! Ut*,500000.00 EUR,http://lorem.com/ipsum,airline-01
assistanceAgent-03,user-account-assistanceAgent-01,FJM000002,Lorem ipsum dolor sit ame,2012/07/02 0:00,Lorem ipsum dolor sit amet. consectetur adipiscing elit. Sed do: eiusmod tempor incididunt ut labore et dolore magna aliqua! Ut*,500000.00 EUR,http://lorem.com/ipsum,airline-01
#spokenLanguages,,,,,,,,
assistanceAgent-04,user-account-assistanceAgent-01,FJ000003,L,2012/07/02 0:00,Lorem ipsum dolor sit amet. consectetur adipiscing elit. Sed do: eiusmod tempor incididunt ut labore et dolore magna aliqua! Ut*,500000.00 EUR,http://lorem.com/ipsum,airline-01
assistanceAgent-05,user-account-assistanceAgent-01,FJ000004,Lo,2012/07/02 0:00,Lorem ipsum dolor sit amet. consectetur adipiscing elit. Sed do: eiusmod tempor incididunt ut labore et dolore magna aliqua! Ut*,500000.00 EUR,http://lorem.com/ipsum,airline-01
assistanceAgent-06,user-account-assistanceAgent-01,FJ000005,"Lorem ipsum dolor sit amet, consectetur adipiscing elit. Sed do: eiusmod tempor incididunt ut labore et dolore magna aliqua! Ut enim ad minim veniam? Quis nostrud exercitation ullamco laboris nisi ut aliquip ex ea commodo consequat. Duis aute irure dolor",2012/07/02 0:00,Lorem ipsum dolor sit amet. consectetur adipiscing elit. Sed do: eiusmod tempor incididunt ut labore et dolore magna aliqua! Ut*,500000.00 EUR,http://lorem.com/ipsum,airline-01
assistanceAgent-07,user-account-assistanceAgent-01,FJ000006,"Lorem ipsum dolor sit amet, consectetur adipiscing elit. Sed do: eiusmod tempor incididunt ut labore et dolore magna aliqua! Ut enim ad minim veniam? Quis nostrud exercitation ullamco laboris nisi ut aliquip ex ea commodo consequat. Duis aute irure dolor*",2012/07/02 0:00,Lorem ipsum dolor sit amet. consectetur adipiscing elit. Sed do: eiusmod tempor incididunt ut labore et dolore magna aliqua! Ut*,500000.00 EUR,http://lorem.com/ipsum,airline-01
assistanceAgent-08,user-account-assistanceAgent-01,FJ000007,โลเร็ม อิปซัม,2012/07/02 0:00,Lorem ipsum dolor sit amet. consectetur adipiscing elit. Sed do: eiusmod tempor incididunt ut labore et dolore magna aliqua! Ut*,500000.00 EUR,http://lorem.com/ipsum,airline-01
assistanceAgent-09,user-account-assistanceAgent-01,FJ000008,لوريم إيبسوم,2012/07/02 0:00,Lorem ipsum dolor sit amet. consectetur adipiscing elit. Sed do: eiusmod tempor incididunt ut labore et dolore magna aliqua! Ut*,500000.00 EUR,http://lorem.com/ipsum,airline-01
assistanceAgent-10,user-account-assistanceAgent-01,FJ000009,洛伦·伊普森,2012/07/02 0:00,Lorem ipsum dolor sit amet. consectetur adipiscing elit. Sed do: eiusmod tempor incididunt ut labore et dolore magna aliqua! Ut*,500000.00 EUR,http://lorem.com/ipsum,airline-01
assistanceAgent-11,user-account-assistanceAgent-01,FJ000010,<marquee>Hacked</marquee>,2012/07/02 0:00,Lorem ipsum dolor sit amet. consectetur adipiscing elit. Sed do: eiusmod tempor incididunt ut labore et dolore magna aliqua! Ut*,500000.00 EUR,http://lorem.com/ipsum,airline-01
assistanceAgent-12,user-account-assistanceAgent-01,FJ000011,<script>alert(‘Hacked!’);</script>,2012/07/02 0:00,Lorem ipsum dolor sit amet. consectetur adipiscing elit. Sed do: eiusmod tempor incididunt ut labore et dolore magna aliqua! Ut*,500000.00 EUR,http://lorem.com/ipsum,airline-01
assistanceAgent-13,user-account-assistanceAgent-01,FJ000012,' or 'A' = 'A ,2012/07/02 0:00,Lorem ipsum dolor sit amet. consectetur adipiscing elit. Sed do: eiusmod tempor incididunt ut labore et dolore magna aliqua! Ut*,500000.00 EUR,http://lorem.com/ipsum,airline-01
#moment,,,,,,,,
assistanceAgent-14,user-account-assistanceAgent-01,FJ000013,Lorem ipsum dolor sit ame,2000/01/01 0:00,Lorem ipsum dolor sit amet. consectetur adipiscing elit. Sed do: eiusmod tempor incididunt ut labore et dolore magna aliqua! Ut*,500000.00 EUR,http://lorem.com/ipsum,airline-01
assistanceAgent-15,user-account-assistanceAgent-01,FJ000014,Lorem ipsum dolor sit ame,2000/01/01 0:01,Lorem ipsum dolor sit amet. consectetur adipiscing elit. Sed do: eiusmod tempor incididunt ut labore et dolore magna aliqua! Ut*,500000.00 EUR,http://lorem.com/ipsum,airline-01
assistanceAgent-16,user-account-assistanceAgent-01,FJ000015,Lorem ipsum dolor sit ame,2024/12/31 23:59,Lorem ipsum dolor sit amet. consectetur adipiscing elit. Sed do: eiusmod tempor incididunt ut labore et dolore magna aliqua! Ut*,500000.00 EUR,http://lorem.com/ipsum,airline-01
assistanceAgent-17,user-account-assistanceAgent-01,FJ000016,Lorem ipsum dolor sit ame,2025/01/01 0:00,Lorem ipsum dolor sit amet. consectetur adipiscing elit. Sed do: eiusmod tempor incididunt ut labore et dolore magna aliqua! Ut*,500000.00 EUR,http://lorem.com/ipsum,airline-01
#briefBio,,,,,,,,
assistanceAgent-18,user-account-assistanceAgent-01,FJ000017,Lorem ipsum dolor sit ame,2012/07/02 0:00,,500000.00 EUR,http://lorem.com/ipsum,airline-01
assistanceAgent-19,user-account-assistanceAgent-01,FJ000018,Lorem ipsum dolor sit ame,2012/07/02 0:00,L,500000.00 EUR,http://lorem.com/ipsum,airline-01
assistanceAgent-20,user-account-assistanceAgent-01,FJ000019,Lorem ipsum dolor sit ame,2012/07/02 0:00,"Lorem ipsum dolor sit amet, consectetur adipiscing elit. Sed do: eiusmod tempor incididunt ut labore et dolore magna aliqua! Ut enim ad minim veniam? Quis nostrud exercitation ullamco laboris nisi ut aliquip ex ea commodo consequat. Duis aute irure dolor",500000.00 EUR,http://lorem.com/ipsum,airline-01
assistanceAgent-21,user-account-assistanceAgent-01,FJ000020,Lorem ipsum dolor sit ame,2012/07/02 0:00,"Lorem ipsum dolor sit amet, consectetur adipiscing elit. Sed do: eiusmod tempor incididunt ut labore et dolore magna aliqua! Ut enim ad minim veniam? Quis nostrud exercitation ullamco laboris nisi ut aliquip ex ea commodo consequat. Duis aute irure dolor*",500000.00 EUR,http://lorem.com/ipsum,airline-01
assistanceAgent-22,user-account-assistanceAgent-01,FJ000021,Lorem ipsum dolor sit ame,2012/07/02 0:00,โลเร็ม อิปซัม,500000.00 EUR,http://lorem.com/ipsum,airline-01
assistanceAgent-23,user-account-assistanceAgent-01,FJ000022,Lorem ipsum dolor sit ame,2012/07/02 0:00,لوريم إيبسوم,500000.00 EUR,http://lorem.com/ipsum,airline-01
assistanceAgent-24,user-account-assistanceAgent-01,FJ000023,Lorem ipsum dolor sit ame,2012/07/02 0:00,洛伦·伊普森,500000.00 EUR,http://lorem.com/ipsum,airline-01
assistanceAgent-25,user-account-assistanceAgent-01,FJ000024,Lorem ipsum dolor sit ame,2012/07/02 0:00,<marquee>Hacked</marquee>,500000.00 EUR,http://lorem.com/ipsum,airline-01
assistanceAgent-26,user-account-assistanceAgent-01,FJ000025,Lorem ipsum dolor sit ame,2012/07/02 0:00,<script>alert(‘Hacked!’);</script>,500000.00 EUR,http://lorem.com/ipsum,airline-01
assistanceAgent-27,user-account-assistanceAgent-01,FJ000026,Lorem ipsum dolor sit ame,2012/07/02 0:00,' or 'A' = 'A ,500000.00 EUR,http://lorem.com/ipsum,airline-01
#salary,,,,,,,,
assistanceAgent-28,user-account-assistanceAgent-02,FJ000027,Lorem ipsum dolor sit ame,2012/07/02 0:00,Lorem ipsum dolor sit amet. consectetur adipiscing elit. Sed do: eiusmod tempor incididunt ut labore et dolore magna aliqua! Ut*,,http://lorem.com/ipsum,airline-01
assistanceAgent-29,user-account-assistanceAgent-02,FJ000127,Lorem ipsum dolor sit ame,2012/07/02 0:00,Lorem ipsum dolor sit amet. consectetur adipiscing elit. Sed do: eiusmod tempor incididunt ut labore et dolore magna aliqua! Ut*,0.00 EUR,http://lorem.com/ipsum,airline-01
assistanceAgent-30,user-account-assistanceAgent-02,FJ000028,Lorem ipsum dolor sit ame,2012/07/02 0:00,Lorem ipsum dolor sit amet. consectetur adipiscing elit. Sed do: eiusmod tempor incididunt ut labore et dolore magna aliqua! Ut*,0.01 EUR,http://lorem.com/ipsum,airline-01
#picture,,,,,,,,
assistanceAgent-31,user-account-assistanceAgent-02,FJ000029,Lorem ipsum dolor sit ame,2012/07/02 0:00,Lorem ipsum dolor sit amet. consectetur adipiscing elit. Sed do: eiusmod tempor incididunt ut labore et dolore magna aliqua! Ut*,500000.00 EUR,ftp://a,airline-01
assistanceAgent-32,user-account-assistanceAgent-02,FJ000030,Lorem ipsum dolor sit ame,2012/07/02 0:00,Lorem ipsum dolor sit amet. consectetur adipiscing elit. Sed do: eiusmod tempor incididunt ut labore et dolore magna aliqua! Ut*,500000.00 EUR,ftp://a.b,airline-01
assistanceAgent-33,user-account-assistanceAgent-02,FJ000031,Lorem ipsum dolor sit ame,2012/07/02 0:00,Lorem ipsum dolor sit amet. consectetur adipiscing elit. Sed do: eiusmod tempor incididunt ut labore et dolore magna aliqua! Ut*,500000.00 EUR,"http://www.lorem-ipsum.org/dolor/sit/amet,/consectetur/adipiscing/elit,/sed/do/eiusmod/tempor/incididunt/ut/labore/et/dolore/magna/aliqua/Ut/enim/ad/minim/veniam/quis/nostrud/exercitation/ullamco/laboris/nisi/ut/aliquip/ex/ea/commodo/consequat/duis/aute/",airline-01
assistanceAgent-34,user-account-assistanceAgent-02,FJ000032,Lorem ipsum dolor sit ame,2012/07/02 0:00,Lorem ipsum dolor sit amet. consectetur adipiscing elit. Sed do: eiusmod tempor incididunt ut labore et dolore magna aliqua! Ut*,500000.00 EUR,"http://www.lorem-ipsum.org/dolor/sit/amet,/consectetur/adipiscing/elit,/sed/do/eiusmod/tempor/incididunt/ut/labore/et/dolore/magna/aliqua/Ut/enim/ad/minim/veniam/quis/nostrud/exercitation/ullamco/laboris/nisi/ut/aliquip/ex/ea/commodo/consequat/duis/aute/X",airline-01
assistanceAgent-35,user-account-assistanceAgent-02,FJ000033,Lorem ipsum dolor sit ame,2012/07/02 0:00,Lorem ipsum dolor sit amet. consectetur adipiscing elit. Sed do: eiusmod tempor incididunt ut labore et dolore magna aliqua! Ut*,500000.00 EUR,https://www.lorem-ipsum.org,airline-01
assistanceAgent-36,user-account-assistanceAgent-02,FJ000034,Lorem ipsum dolor sit ame,2012/07/02 0:00,Lorem ipsum dolor sit amet. consectetur adipiscing elit. Sed do: eiusmod tempor incididunt ut labore et dolore magna aliqua! Ut*,500000.00 EUR,ftp://www.lorem-ipsum.org,airline-01
assistanceAgent-37,user-account-assistanceAgent-02,FJ000035,Lorem ipsum dolor sit ame,2012/07/02 0:00,Lorem ipsum dolor sit amet. consectetur adipiscing elit. Sed do: eiusmod tempor incididunt ut labore et dolore magna aliqua! Ut*,500000.00 EUR,http://www.lorem-ipsum.org/dolor/sit.html,airline-01
assistanceAgent-38,user-account-assistanceAgent-02,FJ000036,Lorem ipsum dolor sit ame,2012/07/02 0:00,Lorem ipsum dolor sit amet. consectetur adipiscing elit. Sed do: eiusmod tempor incididunt ut labore et dolore magna aliqua! Ut*,500000.00 EUR,http://www.lorem-ipsum.org/dolor/sit.html#dolor,airline-01
assistanceAgent-39,user-account-assistanceAgent-02,FJ000037,Lorem ipsum dolor sit ame,2012/07/02 0:00,Lorem ipsum dolor sit amet. consectetur adipiscing elit. Sed do: eiusmod tempor incididunt ut labore et dolore magna aliqua! Ut*,500000.00 EUR,http://example.org?a=1&b=2,airline-01
assistanceAgent-40,user-account-assistanceAgent-02,FJ000038,Lorem ipsum dolor sit ame,2012/07/02 0:00,Lorem ipsum dolor sit amet. consectetur adipiscing elit. Sed do: eiusmod tempor incididunt ut labore et dolore magna aliqua! Ut*,500000.00 EUR,http://example.org?,airline-01
assistanceAgent-41,user-account-assistanceAgent-02,FJ000039,Lorem ipsum dolor sit ame,2012/07/02 0:00,Lorem ipsum dolor sit amet. consectetur adipiscing elit. Sed do: eiusmod tempor incididunt ut labore et dolore magna aliqua! Ut*,500000.00 EUR,http://example.org?a,airline-01
assistanceAgent-42,user-account-assistanceAgent-02,FJ000040,Lorem ipsum dolor sit ame,2012/07/02 0:00,Lorem ipsum dolor sit amet. consectetur adipiscing elit. Sed do: eiusmod tempor incididunt ut labore et dolore magna aliqua! Ut*,500000.00 EUR,http://example.org?a&b,airline-01
assistanceAgent-43,user-account-assistanceAgent-02,FJ000041,Lorem ipsum dolor sit ame,2012/07/02 0:00,Lorem ipsum dolor sit amet. consectetur adipiscing elit. Sed do: eiusmod tempor incididunt ut labore et dolore magna aliqua! Ut*,500000.00 EUR,,airline-01
#key:airline,,,,,,,,
assistanceAgent-44,user-account-assistanceAgent-02,FJ000042,Lorem ipsum dolor sit ame,2012/07/02 0:00,Lorem ipsum dolor sit amet. consectetur adipiscing elit. Sed do: eiusmod tempor incididunt ut labore et dolore magna aliqua! Ut*,500000.00 EUR,http://lorem.com/ipsum,airline-03
assistanceAgent-45,user-account-assistanceAgent-02,FJ000043,Lorem ipsum dolor sit ame,2012/07/02 0:00,Lorem ipsum dolor sit amet. consectetur adipiscing elit. Sed do: eiusmod tempor incididunt ut labore et dolore magna aliqua! Ut*,500000.00 EUR,http://lorem.com/ipsum,airline-05
assistanceAgent-46,user-account-assistanceAgent-02,FJ000044,Lorem ipsum dolor sit ame,2012/07/02 0:00,Lorem ipsum dolor sit amet. consectetur adipiscing elit. Sed do: eiusmod tempor incididunt ut labore et dolore magna aliqua! Ut*,500000.00 EUR,http://lorem.com/ipsum,airline-10

