key,key:userAccount,identifier,phoneNumber,physicalAddress,city,country,earnedPoints
# base entity
customer-00,user-account-customer-01,JM111112,123456789,"Lorem ipsum dolor sit amet, consectetur adipiscing","Lorem ipsum dolor sit amet, consectetur adipiscing","Lorem ipsum dolor sit amet, consectetur adipiscing",1000
# key:user-account - standard variations
customer-01,user-account-customer-02,MR111113,123456789,"Lorem ipsum dolor sit amet, consectetur adipiscing","Lorem ipsum dolor sit amet, consectetur adipiscing","Lorem ipsum dolor sit amet, consectetur adipiscing",1000
customer-02,user-account-customer-03,JZ111114,123456789,"Lorem ipsum dolor sit amet, consectetur adipiscing","Lorem ipsum dolor sit amet, consectetur adipiscing","Lorem ipsum dolor sit amet, consectetur adipiscing",1000
# key:user-account - no singular values
# identifier - standard variations
customer-03,user-account-customer-01,JM234567,123456789,"Lorem ipsum dolor sit amet, consectetur adipiscing","Lorem ipsum dolor sit amet, consectetur adipiscing","Lorem ipsum dolor sit amet, consectetur adipiscing",1000
customer-04,user-account-customer-01,JM678901,123456789,"Lorem ipsum dolor sit amet, consectetur adipiscing","Lorem ipsum dolor sit amet, consectetur adipiscing","Lorem ipsum dolor sit amet, consectetur adipiscing",1000
# identifier - no singular values
# phoneNumber - standard variations
customer-05,user-account-customer-01,JM111115,123456,"Lorem ipsum dolor sit amet, consectetur adipiscing","Lorem ipsum dolor sit amet, consectetur adipiscing","Lorem ipsum dolor sit amet, consectetur adipiscing",1000
customer-06,user-account-customer-01,JM111116,+123456,"Lorem ipsum dolor sit amet, consectetur adipiscing","Lorem ipsum dolor sit amet, consectetur adipiscing","Lorem ipsum dolor sit amet, consectetur adipiscing",1000
customer-07,user-account-customer-01,JM111117,12345678,"Lorem ipsum dolor sit amet, consectetur adipiscing","Lorem ipsum dolor sit amet, consectetur adipiscing","Lorem ipsum dolor sit amet, consectetur adipiscing",1000
customer-08,user-account-customer-01,JM111118,123456789,"Lorem ipsum dolor sit amet, consectetur adipiscing","Lorem ipsum dolor sit amet, consectetur adipiscing","Lorem ipsum dolor sit amet, consectetur adipiscing",1000
customer-09,user-account-customer-01,JM111119,1234567891,"Lorem ipsum dolor sit amet, consectetur adipiscing","Lorem ipsum dolor sit amet, consectetur adipiscing","Lorem ipsum dolor sit amet, consectetur adipiscing",1000
customer-10,user-account-customer-01,JM111110,12345678912,"Lorem ipsum dolor sit amet, consectetur adipiscing","Lorem ipsum dolor sit amet, consectetur adipiscing","Lorem ipsum dolor sit amet, consectetur adipiscing",1000
customer-11,user-account-customer-01,JM111121,123456789123,"Lorem ipsum dolor sit amet, consectetur adipiscing","Lorem ipsum dolor sit amet, consectetur adipiscing","Lorem ipsum dolor sit amet, consectetur adipiscing",1000
customer-12,user-account-customer-01,JM111131,1234567891234,"Lorem ipsum dolor sit amet, consectetur adipiscing","Lorem ipsum dolor sit amet, consectetur adipiscing","Lorem ipsum dolor sit amet, consectetur adipiscing",1000
customer-13,user-account-customer-01,JM111141,12345678912345,"Lorem ipsum dolor sit amet, consectetur adipiscing","Lorem ipsum dolor sit amet, consectetur adipiscing","Lorem ipsum dolor sit amet, consectetur adipiscing",1000
customer-14,user-account-customer-01,JM111151,12345678912346,"Lorem ipsum dolor sit amet, consectetur adipiscing","Lorem ipsum dolor sit amet, consectetur adipiscing","Lorem ipsum dolor sit amet, consectetur adipiscing",1000
customer-15,user-account-customer-01,JM111161,123456789123467,"Lorem ipsum dolor sit amet, consectetur adipiscing","Lorem ipsum dolor sit amet, consectetur adipiscing","Lorem ipsum dolor sit amet, consectetur adipiscing",1000
# phoneNumber - no singular values
# physicalAddress - standard variations
customer-16,user-account-customer-01,JM111171,123456789,L,"Lorem ipsum dolor sit amet, consectetur adipiscing","Lorem ipsum dolor sit amet, consectetur adipiscing",1000
customer-17,user-account-customer-01,JM111181,123456789,Lo,"Lorem ipsum dolor sit amet, consectetur adipiscing","Lorem ipsum dolor sit amet, consectetur adipiscing",1000
customer-18,user-account-customer-01,JM111191,123456789,"Lorem ipsum dolor sit amet, consectetur adipiscing elit. Sed do: eiusmod tempor incididunt ut labore et dolore magna aliqua! Ut enim ad minim veniam? Quis nostrud exercitation ullamco laboris nisi ut aliquip ex ea commodo consequat. Duis aute irure dolor*","Lorem ipsum dolor sit amet, consectetur adipiscing","Lorem ipsum dolor sit amet, consectetur adipiscing",1000
customer-19,user-account-customer-01,JM111101,123456789,"Lorem ipsum dolor sit amet, consectetur adipiscing elit. Sed do: eiusmod tempor incididunt ut labore et dolore magna aliqua! Ut enim ad minim veniam? Quis nostrud exercitation ullamco laboris nisi ut aliquip ex ea commodo consequat. Duis aute irure dolor","Lorem ipsum dolor sit amet, consectetur adipiscing","Lorem ipsum dolor sit amet, consectetur adipiscing",1000
customer-20,user-account-customer-01,JM111211,123456789,โลเร็ม อิปซัม,"Lorem ipsum dolor sit amet, consectetur adipiscing","Lorem ipsum dolor sit amet, consectetur adipiscing",1000
customer-21,user-account-customer-01,JM111311,123456789,لوريم إيبسوم,"Lorem ipsum dolor sit amet, consectetur adipiscing","Lorem ipsum dolor sit amet, consectetur adipiscing",1000
customer-22,user-account-customer-01,JM111411,123456789,洛伦·伊普森,"Lorem ipsum dolor sit amet, consectetur adipiscing","Lorem ipsum dolor sit amet, consectetur adipiscing",1000
customer-23,user-account-customer-01,JM111511,123456789,<marquee>Hacked</marquee>,"Lorem ipsum dolor sit amet, consectetur adipiscing","Lorem ipsum dolor sit amet, consectetur adipiscing",1000
customer-24,user-account-customer-01,JM111611,123456789,<script>alert(‘Hacked!’);</script>,"Lorem ipsum dolor sit amet, consectetur adipiscing","Lorem ipsum dolor sit amet, consectetur adipiscing",1000
customer-25,user-account-customer-01,JM111711,123456789,' or 'A' = 'A,"Lorem ipsum dolor sit amet, consectetur adipiscing","Lorem ipsum dolor sit amet, consectetur adipiscing",1000
# physicalddress - no singular values
# city - standard variations
customer-26,user-account-customer-01,JM111811,123456789,"Lorem ipsum dolor sit amet, consectetur adipiscing",L,"Lorem ipsum dolor sit amet, consectetur adipiscing",1000
customer-27,user-account-customer-01,JM111911,123456789,"Lorem ipsum dolor sit amet, consectetur adipiscing",Lo,"Lorem ipsum dolor sit amet, consectetur adipiscing",1000
customer-28,user-account-customer-01,JM111011,123456789,"Lorem ipsum dolor sit amet, consectetur adipiscing","Lorem ipsum dolor sit amet, consectetur adipiscing","Lorem ipsum dolor sit amet, consectetur adipiscing",1000
customer-29,user-account-customer-01,JM112111,123456789,"Lorem ipsum dolor sit amet, consectetur adipiscing","Lorem ipsum dolor sit amet, consectetur adipiscin","Lorem ipsum dolor sit amet, consectetur adipiscing",1000
customer-30,user-account-customer-01,JM113111,123456789,"Lorem ipsum dolor sit amet, consectetur adipiscing",โลเร็ม อิปซัม,"Lorem ipsum dolor sit amet, consectetur adipiscing",1000
customer-31,user-account-customer-01,JM114111,123456789,"Lorem ipsum dolor sit amet, consectetur adipiscing",لوريم إيبسوم,"Lorem ipsum dolor sit amet, consectetur adipiscing",1000
customer-32,user-account-customer-01,JM115111,123456789,"Lorem ipsum dolor sit amet, consectetur adipiscing",洛伦·伊普森,"Lorem ipsum dolor sit amet, consectetur adipiscing",1000
customer-33,user-account-customer-01,JM116111,123456789,"Lorem ipsum dolor sit amet, consectetur adipiscing",<marquee>Hacked</marquee>,"Lorem ipsum dolor sit amet, consectetur adipiscing",1000
customer-34,user-account-customer-01,JM117111,123456789,"Lorem ipsum dolor sit amet, consectetur adipiscing",<script>alert(‘Hacked!’);</script>,"Lorem ipsum dolor sit amet, consectetur adipiscing",1000
customer-35,user-account-customer-01,JM118111,123456789,"Lorem ipsum dolor sit amet, consectetur adipiscing",' or 'A' = 'A,"Lorem ipsum dolor sit amet, consectetur adipiscing",1000
# city - singular values
# country - standard variations
customer-36,user-account-customer-01,JM119111,123456789,"Lorem ipsum dolor sit amet, consectetur adipiscing","Lorem ipsum dolor sit amet, consectetur adipiscing",L,1000
customer-37,user-account-customer-01,JM110111,123456789,"Lorem ipsum dolor sit amet, consectetur adipiscing","Lorem ipsum dolor sit amet, consectetur adipiscing",Lo,1000
customer-38,user-account-customer-01,JM121111,123456789,"Lorem ipsum dolor sit amet, consectetur adipiscing","Lorem ipsum dolor sit amet, consectetur adipiscing","Lorem ipsum dolor sit amet, consectetur adipiscing",1000
customer-39,user-account-customer-01,JM131111,123456789,"Lorem ipsum dolor sit amet, consectetur adipiscing","Lorem ipsum dolor sit amet, consectetur adipiscing","Lorem ipsum dolor sit amet, consectetur adipiscin",1000
customer-40,user-account-customer-01,JM141111,123456789,"Lorem ipsum dolor sit amet, consectetur adipiscing","Lorem ipsum dolor sit amet, consectetur adipiscing",โลเร็ม อิปซัม,1000
customer-41,user-account-customer-01,JM151111,123456789,"Lorem ipsum dolor sit amet, consectetur adipiscing","Lorem ipsum dolor sit amet, consectetur adipiscing",لوريم إيبسوم,1000
customer-42,user-account-customer-01,JM161111,123456789,"Lorem ipsum dolor sit amet, consectetur adipiscing","Lorem ipsum dolor sit amet, consectetur adipiscing",洛伦·伊普森,1000
customer-43,user-account-customer-01,JM171111,123456789,"Lorem ipsum dolor sit amet, consectetur adipiscing","Lorem ipsum dolor sit amet, consectetur adipiscing",<marquee>Hacked</marquee>,1000
customer-44,user-account-customer-01,JM181111,123456789,"Lorem ipsum dolor sit amet, consectetur adipiscing","Lorem ipsum dolor sit amet, consectetur adipiscing",<script>alert(‘Hacked!’);</script>,1000
customer-45,user-account-customer-01,JM191111,123456789,"Lorem ipsum dolor sit amet, consectetur adipiscing","Lorem ipsum dolor sit amet, consectetur adipiscing",' or 'A' = 'A,1000
# country - no singular values
# earnedPoints - standard variations
customer-46,user-account-customer-01,JM101111,123456789,"Lorem ipsum dolor sit amet, consectetur adipiscing","Lorem ipsum dolor sit amet, consectetur adipiscing","Lorem ipsum dolor sit amet, consectetur adipiscing",0
customer-47,user-account-customer-01,JM211111,123456789,"Lorem ipsum dolor sit amet, consectetur adipiscing","Lorem ipsum dolor sit amet, consectetur adipiscing","Lorem ipsum dolor sit amet, consectetur adipiscing",1
customer-48,user-account-customer-01,JM311111,123456789,"Lorem ipsum dolor sit amet, consectetur adipiscing","Lorem ipsum dolor sit amet, consectetur adipiscing","Lorem ipsum dolor sit amet, consectetur adipiscing",500000
customer-49,user-account-customer-01,JM411111,123456789,"Lorem ipsum dolor sit amet, consectetur adipiscing","Lorem ipsum dolor sit amet, consectetur adipiscing","Lorem ipsum dolor sit amet, consectetur adipiscing",499999
customer-50,user-account-customer-01,JM511111,123456789,"Lorem ipsum dolor sit amet, consectetur adipiscing","Lorem ipsum dolor sit amet, consectetur adipiscing","Lorem ipsum dolor sit amet, consectetur adipiscing",
# earnedPoints - no singular values
